{
  "infrastructure_provisioning_s": 138.11162002900164,
  "systems": {
    "clickhouse_stat": {
      "installation_s": 33.629952420000336
    },
    "clickhouse": {
      "installation_s": 33.82368464400133
    },
    "clickhouse_tuned": {
      "installation_s": 35.86168287699911
    },
    "exasol": {
      "installation_s": 552.8910960180001
    }
  }
}