{
  "infrastructure_provisioning_s": 169.88314693600114,
  "systems": {
    "clickhouse": {
      "installation_s": 32.44446682000125
    },
    "exasol": {
      "installation_s": 540.6674179450001
    }
  }
}