{
  "infrastructure_provisioning_s": 143.98835607699948,
  "systems": {
    "clickhouse_tuned": {
      "installation_s": 33.96150812599808
    },
    "clickhouse_stat": {
      "installation_s": 34.599924915000884
    },
    "clickhouse": {
      "installation_s": 36.322642649000045
    },
    "exasol": {
      "installation_s": 539.4304515660006
    }
  }
}